type,value
WT siNEK3,1.054486547
WT siNEK3,1.015931593
WT siNEK3,1.04733847
Ts13 siNEK3,0.979395347
Ts13 siNEK3,1.02772927
Ts13 siNEK3,1.108523195
